,pseudotime,branch
0,23,Right_End
1,17,Left_End
2,22,Left_End
3,0,Start
4,16,Right_End
5,12,Right_Mid
6,7,Right_Mid
7,8,Left_Mid
8,20,Left_End
9,17,Left_End
10,22,Left_End
11,8,Right_Mid
12,6,Left_Mid
13,24,Right_End
14,4,Start
15,12,Right_Mid
16,14,Right_Mid
17,19,Right_End
18,17,Left_End
19,16,Right_End
20,5,Left_Mid
21,19,Right_End
22,22,Right_End
23,10,Right_Mid
24,9,Right_Mid
25,4,Start
26,5,Left_Mid
27,21,Left_End
28,17,Right_End
29,24,Right_End
30,23,Left_End
31,18,Right_End
32,2,Start
33,11,Left_Mid
34,8,Left_Mid
35,20,Left_End
36,13,Right_Mid
37,22,Left_End
38,16,Left_End
39,6,Right_Mid
40,19,Left_End
41,8,Right_Mid
42,22,Left_End
43,1,Start
44,16,Left_End
45,11,Left_Mid
46,19,Left_End
47,23,Right_End
48,6,Left_Mid
49,21,Right_End
50,21,Right_End
51,20,Right_End
52,14,Left_Mid
53,21,Right_End
54,24,Right_End
55,24,Right_End
56,20,Right_End
57,4,Start
58,15,Right_End
59,2,Start
60,16,Left_End
61,24,Right_End
62,19,Left_End
63,8,Left_Mid
64,19,Right_End
65,10,Left_Mid
66,24,Right_End
67,10,Right_Mid
68,14,Left_Mid
69,9,Right_Mid
70,18,Left_End
71,13,Left_Mid
72,22,Right_End
73,5,Right_Mid
74,24,Left_End
75,17,Right_End
76,8,Left_Mid
77,9,Right_Mid
78,11,Left_Mid
79,12,Left_Mid
80,15,Right_End
81,18,Left_End
82,11,Left_Mid
83,17,Left_End
84,18,Right_End
85,9,Left_Mid
86,23,Left_End
87,13,Right_Mid
88,22,Left_End
89,1,Start
90,18,Right_End
91,22,Left_End
92,1,Start
93,14,Right_Mid
94,8,Right_Mid
95,10,Left_Mid
96,11,Left_Mid
97,20,Right_End
98,14,Left_Mid
99,20,Left_End
100,3,Start
101,22,Left_End
102,22,Right_End
103,21,Left_End
104,22,Right_End
105,14,Left_Mid
106,16,Right_End
107,8,Right_Mid
108,17,Right_End
109,18,Left_End
110,16,Left_End
111,7,Left_Mid
112,6,Left_Mid
113,21,Right_End
114,1,Start
115,9,Right_Mid
116,0,Start
117,17,Left_End
118,3,Start
119,21,Right_End
120,20,Left_End
121,21,Right_End
122,24,Right_End
123,24,Left_End
124,18,Left_End
125,13,Right_Mid
126,7,Left_Mid
127,23,Right_End
128,24,Right_End
129,18,Left_End
130,19,Right_End
131,13,Left_Mid
132,0,Start
133,20,Left_End
134,23,Left_End
135,18,Right_End
136,12,Right_Mid
137,8,Left_Mid
138,11,Right_Mid
139,23,Right_End
140,10,Right_Mid
141,20,Left_End
142,6,Left_Mid
143,18,Left_End
144,23,Left_End
145,7,Right_Mid
146,9,Right_Mid
147,21,Left_End
148,13,Right_Mid
149,13,Right_Mid
150,10,Left_Mid
151,9,Left_Mid
152,18,Left_End
153,14,Right_Mid
154,14,Left_Mid
155,24,Left_End
156,3,Start
157,24,Right_End
158,20,Left_End
159,24,Left_End
160,21,Right_End
161,7,Right_Mid
162,14,Left_Mid
163,16,Left_End
164,14,Left_Mid
165,18,Left_End
166,11,Right_Mid
167,22,Right_End
168,5,Left_Mid
169,13,Left_Mid
170,14,Left_Mid
171,6,Right_Mid
172,13,Right_Mid
173,16,Left_End
174,11,Left_Mid
175,22,Left_End
176,17,Right_End
177,11,Right_Mid
178,13,Right_Mid
179,12,Left_Mid
180,13,Right_Mid
181,18,Left_End
182,7,Left_Mid
183,10,Right_Mid
184,23,Left_End
185,15,Right_End
186,21,Right_End
187,4,Start
188,1,Start
189,19,Right_End
190,8,Right_Mid
191,8,Right_Mid
192,20,Left_End
193,5,Right_Mid
194,8,Left_Mid
195,9,Right_Mid
196,0,Start
197,10,Right_Mid
198,5,Left_Mid
199,22,Left_End
200,23,Left_End
201,6,Right_Mid
202,9,Right_Mid
203,21,Left_End
204,16,Left_End
205,19,Left_End
206,9,Right_Mid
207,16,Left_End
208,2,Start
209,1,Start
210,3,Start
211,15,Left_End
212,21,Right_End
213,10,Right_Mid
214,13,Right_Mid
215,14,Left_Mid
216,11,Right_Mid
217,9,Left_Mid
218,9,Left_Mid
219,13,Left_Mid
220,13,Right_Mid
221,4,Start
222,8,Left_Mid
223,14,Right_Mid
224,2,Start
225,11,Right_Mid
226,14,Right_Mid
227,20,Right_End
228,19,Right_End
229,10,Left_Mid
230,14,Left_Mid
231,6,Right_Mid
232,12,Left_Mid
233,22,Right_End
234,14,Right_Mid
235,12,Right_Mid
236,11,Left_Mid
237,19,Right_End
238,10,Left_Mid
239,14,Left_Mid
240,7,Left_Mid
241,20,Left_End
242,2,Start
243,7,Left_Mid
244,10,Right_Mid
245,18,Left_End
246,21,Left_End
247,13,Left_Mid
248,20,Right_End
249,14,Left_Mid
250,5,Left_Mid
251,0,Start
252,16,Left_End
253,23,Left_End
254,12,Left_Mid
255,20,Right_End
256,18,Right_End
257,10,Left_Mid
258,9,Left_Mid
259,23,Left_End
260,12,Right_Mid
261,16,Right_End
262,7,Right_Mid
263,0,Start
264,9,Left_Mid
265,14,Right_Mid
266,0,Start
267,18,Right_End
268,7,Left_Mid
269,18,Right_End
270,14,Right_Mid
271,18,Left_End
272,14,Left_Mid
273,12,Left_Mid
274,18,Left_End
275,6,Left_Mid
276,12,Left_Mid
277,5,Left_Mid
278,12,Right_Mid
279,10,Left_Mid
280,12,Right_Mid
281,12,Right_Mid
282,12,Left_Mid
283,2,Start
284,14,Right_Mid
285,22,Left_End
286,11,Left_Mid
287,9,Right_Mid
288,17,Left_End
289,0,Start
290,0,Start
291,23,Right_End
292,17,Right_End
293,6,Left_Mid
294,23,Right_End
295,12,Left_Mid
296,20,Left_End
297,6,Left_Mid
298,6,Left_Mid
299,15,Right_End
300,0,Start
301,14,Left_Mid
302,14,Right_Mid
303,11,Right_Mid
304,4,Start
305,16,Left_End
306,13,Right_Mid
307,20,Right_End
308,20,Right_End
309,16,Right_End
310,13,Right_Mid
311,11,Right_Mid
312,6,Right_Mid
313,3,Start
314,6,Right_Mid
315,20,Left_End
316,10,Left_Mid
317,2,Start
318,18,Left_End
319,24,Left_End
320,17,Left_End
321,21,Left_End
322,15,Left_End
323,7,Right_Mid
324,23,Right_End
325,24,Left_End
326,2,Start
327,24,Left_End
328,20,Right_End
329,14,Right_Mid
330,15,Left_End
331,7,Right_Mid
332,4,Start
333,8,Right_Mid
334,24,Right_End
335,23,Left_End
336,19,Right_End
337,14,Left_Mid
338,13,Left_Mid
339,12,Left_Mid
340,6,Left_Mid
341,1,Start
342,19,Right_End
343,15,Right_End
344,19,Left_End
345,6,Right_Mid
346,11,Right_Mid
347,8,Right_Mid
348,16,Left_End
349,12,Right_Mid
350,6,Left_Mid
351,2,Start
352,12,Right_Mid
353,14,Left_Mid
354,14,Right_Mid
355,18,Right_End
356,13,Left_Mid
357,15,Right_End
358,10,Right_Mid
359,16,Left_End
360,0,Start
361,20,Right_End
362,3,Start
363,16,Left_End
364,6,Left_Mid
365,17,Right_End
366,8,Left_Mid
367,16,Left_End
368,22,Left_End
369,17,Left_End
370,10,Right_Mid
371,5,Right_Mid
372,19,Left_End
373,22,Left_End
374,12,Left_Mid
375,12,Right_Mid
376,23,Right_End
377,13,Left_Mid
378,14,Left_Mid
379,18,Left_End
380,1,Start
381,9,Right_Mid
382,6,Left_Mid
383,0,Start
384,18,Left_End
385,2,Start
386,24,Right_End
387,23,Right_End
388,14,Left_Mid
389,2,Start
390,20,Right_End
391,9,Left_Mid
392,24,Left_End
393,12,Right_Mid
394,12,Right_Mid
395,4,Start
396,11,Right_Mid
397,22,Right_End
398,19,Left_End
399,6,Left_Mid
400,14,Right_Mid
401,10,Left_Mid
402,4,Start
403,7,Left_Mid
404,5,Left_Mid
405,5,Left_Mid
406,12,Right_Mid
407,7,Left_Mid
408,21,Left_End
409,3,Start
410,12,Left_Mid
411,24,Left_End
412,18,Left_End
413,11,Left_Mid
414,13,Right_Mid
415,4,Start
416,20,Left_End
417,7,Left_Mid
418,9,Left_Mid
419,11,Right_Mid
420,8,Right_Mid
421,6,Left_Mid
422,17,Right_End
423,21,Right_End
424,6,Left_Mid
425,16,Right_End
426,11,Right_Mid
427,13,Right_Mid
428,3,Start
429,23,Left_End
430,3,Start
431,11,Left_Mid
432,22,Right_End
433,9,Left_Mid
434,0,Start
435,5,Left_Mid
436,12,Left_Mid
437,17,Right_End
438,6,Right_Mid
439,14,Left_Mid
440,6,Right_Mid
441,4,Start
442,21,Right_End
443,9,Left_Mid
444,17,Left_End
445,24,Right_End
446,17,Left_End
447,19,Right_End
448,16,Left_End
449,23,Right_End
450,16,Right_End
451,3,Start
452,11,Right_Mid
453,5,Right_Mid
454,21,Left_End
455,13,Right_Mid
456,6,Right_Mid
457,23,Left_End
458,16,Right_End
459,24,Right_End
460,13,Left_Mid
461,8,Left_Mid
462,10,Right_Mid
463,16,Left_End
464,12,Right_Mid
465,13,Right_Mid
466,8,Left_Mid
467,24,Left_End
468,12,Right_Mid
469,22,Right_End
470,21,Left_End
471,5,Right_Mid
472,23,Right_End
473,8,Left_Mid
474,13,Right_Mid
475,19,Left_End
476,24,Left_End
477,11,Left_Mid
478,8,Left_Mid
479,5,Left_Mid
480,10,Left_Mid
481,12,Right_Mid
482,0,Start
483,22,Left_End
484,16,Right_End
485,18,Left_End
486,7,Right_Mid
487,5,Left_Mid
488,8,Left_Mid
489,16,Right_End
490,14,Left_Mid
491,23,Right_End
492,8,Right_Mid
493,8,Left_Mid
494,10,Right_Mid
495,3,Start
496,7,Right_Mid
497,12,Right_Mid
498,22,Right_End
499,15,Left_End
500,5,Left_Mid
501,20,Right_End
502,2,Start
503,23,Right_End
504,23,Right_End
505,17,Right_End
506,3,Start
507,13,Right_Mid
508,22,Right_End
509,5,Left_Mid
510,23,Left_End
511,21,Left_End
512,6,Left_Mid
513,12,Right_Mid
514,23,Right_End
515,20,Right_End
516,17,Right_End
517,17,Right_End
518,7,Right_Mid
519,19,Left_End
520,13,Right_Mid
521,17,Right_End
522,13,Right_Mid
523,7,Right_Mid
524,15,Right_End
525,3,Start
526,19,Right_End
527,22,Right_End
528,6,Right_Mid
529,7,Right_Mid
530,20,Left_End
531,18,Right_End
532,24,Left_End
533,13,Left_Mid
534,8,Right_Mid
535,15,Right_End
536,23,Right_End
537,14,Right_Mid
538,8,Right_Mid
539,23,Right_End
540,9,Right_Mid
541,7,Right_Mid
542,11,Left_Mid
543,22,Right_End
544,19,Left_End
545,15,Left_End
546,15,Left_End
547,4,Start
548,22,Right_End
549,24,Right_End
550,23,Left_End
551,17,Right_End
552,17,Right_End
553,21,Left_End
554,3,Start
555,17,Left_End
556,13,Left_Mid
557,17,Left_End
558,15,Left_End
559,21,Left_End
560,1,Start
561,9,Right_Mid
562,10,Left_Mid
563,15,Right_End
564,24,Right_End
565,10,Right_Mid
566,20,Right_End
567,5,Left_Mid
568,17,Right_End
569,18,Right_End
570,12,Left_Mid
571,20,Left_End
572,22,Right_End
573,14,Left_Mid
574,6,Right_Mid
575,11,Left_Mid
576,24,Right_End
577,19,Left_End
578,17,Left_End
579,3,Start
580,1,Start
581,14,Left_Mid
582,8,Left_Mid
583,15,Left_End
584,14,Left_Mid
585,15,Left_End
586,16,Left_End
587,17,Right_End
588,13,Right_Mid
589,3,Start
590,22,Right_End
591,9,Right_Mid
592,8,Right_Mid
593,9,Right_Mid
594,6,Left_Mid
595,15,Left_End
596,3,Start
597,8,Left_Mid
598,4,Start
599,23,Left_End
600,6,Left_Mid
601,10,Left_Mid
602,0,Start
603,6,Right_Mid
604,4,Start
605,12,Right_Mid
606,22,Right_End
607,9,Right_Mid
608,15,Left_End
609,4,Start
610,17,Left_End
611,14,Right_Mid
612,6,Right_Mid
613,17,Left_End
614,10,Left_Mid
615,9,Right_Mid
616,7,Right_Mid
617,12,Right_Mid
618,23,Right_End
619,12,Left_Mid
620,0,Start
621,13,Right_Mid
622,2,Start
623,23,Left_End
624,23,Left_End
625,24,Left_End
626,6,Left_Mid
627,6,Right_Mid
628,11,Left_Mid
629,15,Left_End
630,12,Right_Mid
631,9,Left_Mid
632,21,Left_End
633,0,Start
634,21,Left_End
635,7,Right_Mid
636,2,Start
637,21,Right_End
638,8,Right_Mid
639,9,Left_Mid
640,11,Left_Mid
641,7,Left_Mid
642,11,Right_Mid
643,11,Left_Mid
644,16,Right_End
645,3,Start
646,18,Left_End
647,18,Right_End
648,3,Start
649,23,Left_End
650,10,Left_Mid
651,21,Right_End
652,20,Left_End
653,6,Right_Mid
654,10,Left_Mid
655,14,Left_Mid
656,2,Start
657,23,Right_End
658,19,Left_End
659,16,Left_End
660,23,Left_End
661,13,Right_Mid
662,15,Right_End
663,11,Left_Mid
664,21,Left_End
665,21,Left_End
666,21,Right_End
667,17,Right_End
668,16,Left_End
669,6,Right_Mid
670,15,Left_End
671,5,Right_Mid
672,1,Start
673,23,Left_End
674,0,Start
675,20,Right_End
676,23,Right_End
677,12,Left_Mid
678,11,Left_Mid
679,16,Right_End
680,19,Right_End
681,10,Left_Mid
682,14,Right_Mid
683,19,Left_End
684,20,Left_End
685,13,Right_Mid
686,11,Right_Mid
687,11,Right_Mid
688,24,Right_End
689,6,Left_Mid
690,14,Right_Mid
691,15,Right_End
692,24,Right_End
693,1,Start
694,8,Right_Mid
695,14,Right_Mid
696,20,Right_End
697,1,Start
698,18,Right_End
699,2,Start
700,16,Left_End
701,16,Left_End
702,20,Right_End
703,20,Left_End
704,18,Left_End
705,22,Left_End
706,16,Left_End
707,4,Start
708,13,Right_Mid
709,21,Left_End
710,8,Left_Mid
711,15,Left_End
712,18,Left_End
713,2,Start
714,0,Start
715,12,Left_Mid
716,12,Left_Mid
717,23,Right_End
718,17,Left_End
719,4,Start
720,7,Left_Mid
721,15,Right_End
722,2,Start
723,22,Left_End
724,16,Right_End
725,9,Left_Mid
726,15,Right_End
727,19,Right_End
728,23,Left_End
729,20,Right_End
730,11,Left_Mid
731,19,Left_End
732,11,Left_Mid
733,23,Right_End
734,21,Right_End
735,15,Right_End
736,15,Right_End
737,5,Right_Mid
738,7,Right_Mid
739,15,Right_End
740,12,Right_Mid
741,18,Right_End
742,19,Right_End
743,12,Right_Mid
744,22,Left_End
745,17,Left_End
746,10,Left_Mid
747,19,Right_End
748,15,Left_End
749,20,Right_End
750,14,Right_Mid
751,16,Left_End
752,24,Left_End
753,18,Right_End
754,14,Left_Mid
755,5,Left_Mid
756,5,Left_Mid
757,6,Left_Mid
758,15,Left_End
759,10,Right_Mid
760,5,Right_Mid
761,9,Right_Mid
762,5,Left_Mid
763,20,Left_End
764,24,Right_End
765,13,Left_Mid
766,4,Start
767,16,Left_End
768,24,Right_End
769,17,Right_End
770,21,Right_End
771,1,Start
772,21,Left_End
773,4,Start
774,14,Right_Mid
775,10,Right_Mid
776,11,Right_Mid
777,19,Left_End
778,11,Right_Mid
779,24,Right_End
780,10,Left_Mid
781,21,Right_End
782,18,Left_End
783,19,Left_End
784,16,Right_End
785,13,Right_Mid
786,23,Left_End
787,18,Right_End
788,13,Right_Mid
789,3,Start
790,18,Left_End
791,23,Left_End
792,1,Start
793,21,Left_End
794,6,Left_Mid
795,24,Right_End
796,10,Right_Mid
797,22,Left_End
798,19,Left_End
799,8,Left_Mid
800,15,Right_End
801,2,Start
802,19,Right_End
803,11,Left_Mid
804,24,Left_End
805,18,Left_End
806,8,Left_Mid
807,1,Start
808,22,Right_End
809,5,Left_Mid
810,12,Left_Mid
811,18,Left_End
812,14,Left_Mid
813,3,Start
814,11,Right_Mid
815,6,Right_Mid
816,2,Start
817,1,Start
818,10,Right_Mid
819,16,Left_End
820,17,Right_End
821,1,Start
822,3,Start
823,21,Right_End
824,9,Left_Mid
825,16,Left_End
826,19,Left_End
827,21,Right_End
828,5,Left_Mid
829,18,Left_End
830,2,Start
831,15,Left_End
832,7,Right_Mid
833,17,Left_End
834,19,Left_End
835,1,Start
836,16,Left_End
837,8,Right_Mid
838,5,Right_Mid
839,24,Left_End
840,24,Right_End
841,16,Right_End
842,12,Right_Mid
843,7,Right_Mid
844,17,Right_End
845,16,Right_End
846,20,Left_End
847,12,Left_Mid
848,10,Right_Mid
849,10,Right_Mid
850,22,Right_End
851,8,Left_Mid
852,13,Right_Mid
853,9,Left_Mid
854,22,Left_End
855,20,Right_End
856,17,Right_End
857,5,Right_Mid
858,0,Start
859,23,Left_End
860,0,Start
861,6,Left_Mid
862,24,Left_End
863,11,Right_Mid
864,19,Left_End
865,1,Start
866,20,Left_End
867,23,Right_End
868,24,Left_End
869,13,Right_Mid
870,6,Left_Mid
871,24,Right_End
872,2,Start
873,8,Right_Mid
874,5,Left_Mid
875,15,Right_End
876,6,Right_Mid
877,9,Right_Mid
878,8,Right_Mid
879,14,Right_Mid
880,1,Start
881,9,Right_Mid
882,10,Right_Mid
883,17,Left_End
884,23,Left_End
885,7,Left_Mid
886,23,Left_End
887,13,Left_Mid
888,12,Left_Mid
889,11,Left_Mid
890,15,Left_End
891,2,Start
892,8,Left_Mid
893,17,Right_End
894,23,Right_End
895,10,Right_Mid
896,24,Right_End
897,11,Right_Mid
898,8,Left_Mid
899,9,Right_Mid
900,21,Right_End
901,3,Start
902,9,Left_Mid
903,22,Left_End
904,23,Left_End
905,18,Right_End
906,20,Right_End
907,19,Left_End
908,11,Left_Mid
909,20,Right_End
910,16,Right_End
911,15,Left_End
912,12,Left_Mid
913,23,Right_End
914,5,Left_Mid
915,22,Left_End
916,12,Right_Mid
917,10,Right_Mid
918,3,Start
919,0,Start
920,4,Start
921,12,Left_Mid
922,5,Right_Mid
923,8,Left_Mid
924,4,Start
925,7,Right_Mid
926,12,Right_Mid
927,0,Start
928,9,Left_Mid
929,14,Left_Mid
930,21,Left_End
931,1,Start
932,6,Left_Mid
933,10,Left_Mid
934,16,Left_End
935,7,Left_Mid
936,2,Start
937,20,Right_End
938,5,Right_Mid
939,12,Right_Mid
940,20,Right_End
941,12,Left_Mid
942,22,Left_End
943,11,Left_Mid
944,23,Left_End
945,18,Right_End
946,15,Right_End
947,4,Start
948,22,Right_End
949,22,Right_End
950,22,Left_End
951,16,Right_End
952,22,Right_End
953,3,Start
954,21,Right_End
955,11,Left_Mid
956,22,Right_End
957,12,Right_Mid
958,13,Left_Mid
959,22,Left_End
960,7,Right_Mid
961,17,Right_End
962,14,Right_Mid
963,11,Left_Mid
964,2,Start
965,18,Right_End
966,5,Left_Mid
967,11,Right_Mid
968,5,Left_Mid
969,9,Right_Mid
970,4,Start
971,15,Left_End
972,18,Right_End
973,16,Right_End
974,12,Left_Mid
975,0,Start
976,20,Right_End
977,15,Right_End
978,16,Left_End
979,14,Left_Mid
980,21,Right_End
981,11,Left_Mid
982,23,Right_End
983,13,Right_Mid
984,17,Right_End
985,21,Left_End
986,2,Start
987,16,Right_End
988,8,Left_Mid
989,23,Right_End
990,12,Left_Mid
991,11,Right_Mid
992,13,Left_Mid
993,6,Left_Mid
994,15,Right_End
995,10,Right_Mid
996,23,Left_End
997,14,Right_Mid
998,10,Right_Mid
999,6,Left_Mid
1000,10,Left_Mid
1001,21,Right_End
1002,13,Left_Mid
1003,19,Right_End
1004,13,Left_Mid
1005,7,Right_Mid
1006,10,Right_Mid
1007,21,Left_End
1008,9,Right_Mid
1009,17,Left_End
1010,4,Start
1011,23,Left_End
1012,8,Right_Mid
1013,12,Right_Mid
1014,24,Left_End
1015,23,Left_End
1016,12,Right_Mid
1017,5,Left_Mid
1018,2,Start
1019,18,Left_End
1020,3,Start
1021,11,Left_Mid
1022,16,Right_End
1023,1,Start
1024,13,Right_Mid
1025,13,Right_Mid
1026,11,Right_Mid
1027,22,Left_End
1028,12,Right_Mid
1029,1,Start
1030,16,Right_End
1031,20,Right_End
1032,10,Right_Mid
1033,5,Left_Mid
1034,22,Left_End
1035,20,Right_End
1036,14,Left_Mid
1037,11,Right_Mid
1038,21,Right_End
1039,10,Right_Mid
1040,12,Right_Mid
1041,19,Left_End
1042,20,Right_End
1043,10,Right_Mid
1044,24,Right_End
1045,14,Right_Mid
1046,15,Left_End
1047,16,Right_End
1048,17,Left_End
1049,6,Right_Mid
1050,17,Right_End
1051,20,Left_End
1052,18,Right_End
1053,21,Right_End
1054,9,Left_Mid
1055,23,Left_End
1056,22,Left_End
1057,18,Right_End
1058,3,Start
1059,22,Left_End
1060,11,Left_Mid
1061,24,Left_End
1062,10,Left_Mid
1063,17,Right_End
1064,7,Left_Mid
1065,6,Right_Mid
1066,20,Left_End
1067,14,Left_Mid
1068,7,Right_Mid
1069,13,Left_Mid
1070,6,Right_Mid
1071,11,Left_Mid
1072,20,Left_End
1073,16,Right_End
1074,11,Right_Mid
1075,17,Right_End
1076,14,Left_Mid
1077,5,Right_Mid
1078,14,Left_Mid
1079,18,Left_End
1080,15,Left_End
1081,16,Left_End
1082,12,Left_Mid
1083,13,Right_Mid
1084,11,Left_Mid
1085,7,Left_Mid
1086,12,Right_Mid
1087,4,Start
1088,7,Right_Mid
1089,5,Right_Mid
1090,21,Right_End
1091,15,Right_End
1092,3,Start
1093,21,Right_End
1094,18,Left_End
1095,9,Right_Mid
1096,3,Start
1097,21,Right_End
1098,15,Right_End
1099,11,Left_Mid
1100,9,Left_Mid
1101,11,Left_Mid
1102,21,Right_End
1103,5,Right_Mid
1104,1,Start
1105,10,Left_Mid
1106,17,Right_End
1107,11,Right_Mid
1108,12,Left_Mid
1109,11,Right_Mid
1110,12,Right_Mid
1111,8,Left_Mid
1112,15,Left_End
1113,10,Right_Mid
1114,5,Right_Mid
1115,6,Left_Mid
1116,24,Left_End
1117,7,Right_Mid
1118,13,Left_Mid
1119,5,Right_Mid
1120,23,Right_End
1121,11,Right_Mid
1122,17,Left_End
1123,15,Right_End
1124,3,Start
1125,5,Left_Mid
1126,23,Left_End
1127,18,Right_End
1128,10,Left_Mid
1129,24,Right_End
1130,19,Right_End
1131,19,Left_End
1132,13,Left_Mid
1133,9,Right_Mid
1134,13,Right_Mid
1135,11,Left_Mid
1136,21,Left_End
1137,19,Left_End
1138,4,Start
1139,18,Right_End
1140,20,Left_End
1141,8,Right_Mid
1142,11,Left_Mid
1143,7,Right_Mid
1144,8,Right_Mid
1145,21,Left_End
1146,21,Right_End
1147,9,Right_Mid
1148,8,Right_Mid
1149,20,Right_End
1150,12,Right_Mid
1151,14,Left_Mid
1152,10,Left_Mid
1153,19,Right_End
1154,10,Left_Mid
1155,21,Right_End
1156,23,Right_End
1157,14,Right_Mid
1158,7,Left_Mid
1159,16,Right_End
1160,6,Right_Mid
1161,13,Right_Mid
1162,13,Right_Mid
1163,5,Right_Mid
1164,13,Left_Mid
1165,22,Left_End
1166,5,Right_Mid
1167,9,Left_Mid
1168,11,Left_Mid
1169,19,Right_End
1170,14,Left_Mid
1171,21,Left_End
1172,24,Left_End
1173,16,Right_End
1174,11,Left_Mid
1175,18,Right_End
1176,5,Left_Mid
1177,24,Right_End
1178,1,Start
1179,20,Right_End
1180,15,Right_End
1181,11,Right_Mid
1182,19,Left_End
1183,23,Left_End
1184,21,Left_End
1185,15,Right_End
1186,18,Left_End
1187,11,Right_Mid
1188,18,Right_End
1189,14,Right_Mid
1190,23,Right_End
1191,6,Right_Mid
1192,10,Left_Mid
1193,20,Right_End
1194,19,Right_End
1195,15,Right_End
1196,24,Left_End
1197,17,Right_End
1198,8,Right_Mid
1199,23,Left_End
1200,10,Left_Mid
1201,14,Left_Mid
1202,5,Right_Mid
1203,9,Left_Mid
1204,12,Left_Mid
1205,22,Left_End
1206,15,Right_End
1207,8,Left_Mid
1208,8,Right_Mid
1209,16,Right_End
1210,9,Right_Mid
1211,23,Right_End
1212,15,Left_End
1213,17,Left_End
1214,19,Right_End
1215,8,Left_Mid
1216,10,Right_Mid
1217,4,Start
1218,16,Right_End
1219,11,Right_Mid
1220,13,Left_Mid
1221,15,Left_End
1222,8,Right_Mid
1223,5,Left_Mid
1224,22,Right_End
1225,11,Right_Mid
1226,7,Left_Mid
1227,13,Left_Mid
1228,18,Left_End
1229,7,Right_Mid
1230,13,Left_Mid
1231,22,Left_End
1232,19,Right_End
1233,21,Left_End
1234,22,Left_End
1235,2,Start
1236,19,Right_End
1237,20,Left_End
1238,21,Right_End
1239,15,Right_End
1240,22,Right_End
1241,21,Right_End
1242,21,Right_End
1243,15,Right_End
1244,22,Right_End
1245,16,Right_End
1246,1,Start
1247,12,Left_Mid
1248,23,Left_End
1249,18,Left_End
1250,2,Start
1251,23,Left_End
1252,8,Right_Mid
1253,13,Right_Mid
1254,10,Right_Mid
1255,12,Right_Mid
1256,22,Left_End
1257,20,Left_End
1258,7,Left_Mid
1259,5,Left_Mid
1260,10,Left_Mid
1261,5,Right_Mid
1262,6,Left_Mid
1263,21,Right_End
1264,24,Right_End
1265,9,Left_Mid
1266,19,Left_End
1267,16,Left_End
1268,15,Left_End
1269,14,Right_Mid
1270,19,Left_End
1271,18,Right_End
1272,20,Left_End
1273,16,Right_End
1274,0,Start
1275,19,Right_End
1276,16,Left_End
1277,6,Left_Mid
1278,23,Right_End
1279,20,Right_End
1280,8,Right_Mid
1281,16,Right_End
1282,19,Right_End
1283,21,Right_End
1284,1,Start
1285,7,Right_Mid
1286,17,Right_End
1287,5,Right_Mid
1288,23,Left_End
1289,24,Left_End
1290,15,Left_End
1291,22,Left_End
1292,11,Right_Mid
1293,0,Start
1294,8,Right_Mid
1295,16,Left_End
1296,19,Left_End
1297,17,Left_End
1298,10,Left_Mid
1299,19,Left_End
1300,21,Right_End
1301,4,Start
1302,20,Right_End
1303,2,Start
1304,11,Left_Mid
1305,18,Left_End
1306,15,Right_End
1307,24,Right_End
1308,17,Left_End
1309,12,Left_Mid
1310,21,Left_End
1311,5,Left_Mid
1312,4,Start
1313,18,Right_End
1314,6,Right_Mid
1315,15,Right_End
1316,0,Start
1317,18,Left_End
1318,8,Left_Mid
1319,10,Left_Mid
1320,10,Left_Mid
1321,4,Start
1322,9,Right_Mid
1323,8,Right_Mid
1324,16,Left_End
1325,23,Left_End
1326,4,Start
1327,14,Left_Mid
1328,24,Left_End
1329,11,Left_Mid
1330,7,Left_Mid
1331,20,Left_End
1332,17,Right_End
1333,4,Start
1334,8,Right_Mid
1335,10,Right_Mid
1336,2,Start
1337,23,Left_End
1338,23,Right_End
1339,10,Left_Mid
1340,23,Left_End
1341,17,Right_End
1342,1,Start
1343,17,Right_End
1344,12,Right_Mid
1345,15,Left_End
1346,4,Start
1347,9,Right_Mid
1348,6,Left_Mid
1349,11,Left_Mid
1350,19,Left_End
1351,17,Left_End
1352,22,Right_End
1353,13,Left_Mid
1354,19,Left_End
1355,22,Right_End
1356,22,Right_End
1357,16,Right_End
1358,22,Left_End
1359,19,Left_End
1360,16,Right_End
1361,9,Left_Mid
1362,8,Left_Mid
1363,7,Left_Mid
1364,14,Right_Mid
1365,16,Left_End
1366,16,Right_End
1367,23,Right_End
1368,19,Left_End
1369,13,Left_Mid
1370,13,Left_Mid
1371,9,Right_Mid
1372,8,Right_Mid
1373,11,Left_Mid
1374,5,Right_Mid
1375,10,Right_Mid
1376,9,Right_Mid
1377,9,Right_Mid
1378,8,Right_Mid
1379,12,Right_Mid
1380,16,Left_End
1381,22,Right_End
1382,9,Left_Mid
1383,19,Right_End
1384,10,Right_Mid
1385,17,Left_End
1386,6,Left_Mid
1387,12,Left_Mid
1388,12,Left_Mid
1389,18,Left_End
1390,22,Right_End
1391,12,Right_Mid
1392,21,Right_End
1393,15,Right_End
1394,6,Left_Mid
1395,11,Left_Mid
1396,9,Right_Mid
1397,13,Right_Mid
1398,8,Left_Mid
1399,4,Start
1400,9,Right_Mid
1401,1,Start
1402,16,Right_End
1403,5,Right_Mid
1404,18,Right_End
1405,19,Left_End
1406,24,Left_End
1407,12,Left_Mid
1408,17,Left_End
1409,7,Left_Mid
1410,2,Start
1411,22,Left_End
1412,13,Right_Mid
1413,8,Right_Mid
1414,5,Left_Mid
1415,0,Start
1416,17,Right_End
1417,15,Left_End
1418,6,Left_Mid
1419,15,Left_End
1420,21,Left_End
1421,1,Start
1422,19,Right_End
1423,12,Right_Mid
1424,17,Right_End
1425,19,Left_End
1426,8,Right_Mid
1427,13,Right_Mid
1428,22,Right_End
1429,16,Left_End
1430,8,Left_Mid
1431,6,Left_Mid
1432,8,Right_Mid
1433,17,Right_End
1434,22,Right_End
1435,18,Left_End
1436,11,Right_Mid
1437,24,Right_End
1438,12,Left_Mid
1439,15,Right_End
1440,13,Left_Mid
1441,11,Left_Mid
1442,19,Right_End
1443,14,Right_Mid
1444,21,Right_End
1445,10,Left_Mid
1446,16,Left_End
1447,18,Right_End
1448,13,Left_Mid
1449,20,Right_End
1450,24,Right_End
1451,24,Left_End
1452,16,Left_End
1453,14,Right_Mid
1454,14,Right_Mid
1455,20,Right_End
1456,12,Right_Mid
1457,16,Left_End
1458,15,Right_End
1459,9,Left_Mid
1460,18,Right_End
1461,13,Left_Mid
1462,12,Left_Mid
1463,14,Left_Mid
1464,18,Left_End
1465,20,Right_End
1466,23,Right_End
1467,19,Right_End
1468,6,Right_Mid
1469,1,Start
1470,0,Start
1471,18,Right_End
1472,18,Right_End
1473,8,Right_Mid
1474,12,Left_Mid
1475,10,Right_Mid
1476,9,Left_Mid
1477,4,Start
1478,21,Left_End
1479,7,Left_Mid
1480,18,Right_End
1481,11,Left_Mid
1482,0,Start
1483,8,Left_Mid
1484,19,Right_End
1485,6,Left_Mid
1486,3,Start
1487,2,Start
1488,16,Right_End
1489,3,Start
1490,18,Left_End
1491,18,Left_End
1492,23,Right_End
1493,9,Left_Mid
1494,10,Left_Mid
1495,17,Right_End
1496,6,Left_Mid
1497,20,Left_End
1498,23,Left_End
1499,1,Start
1500,16,Left_End
1501,22,Left_End
1502,5,Right_Mid
1503,18,Right_End
1504,14,Right_Mid
1505,22,Left_End
1506,16,Right_End
1507,24,Right_End
1508,3,Start
1509,11,Left_Mid
1510,5,Right_Mid
1511,24,Left_End
1512,13,Right_Mid
1513,19,Left_End
1514,8,Left_Mid
1515,15,Right_End
1516,3,Start
1517,23,Left_End
1518,16,Right_End
1519,7,Left_Mid
1520,6,Right_Mid
1521,5,Right_Mid
1522,6,Right_Mid
1523,8,Right_Mid
1524,6,Right_Mid
1525,4,Start
1526,20,Right_End
1527,22,Right_End
1528,24,Right_End
1529,18,Left_End
1530,20,Left_End
1531,17,Right_End
1532,16,Left_End
1533,3,Start
1534,20,Right_End
1535,16,Left_End
1536,8,Right_Mid
1537,10,Right_Mid
1538,10,Left_Mid
1539,5,Right_Mid
1540,9,Right_Mid
1541,16,Right_End
1542,20,Right_End
1543,10,Right_Mid
1544,11,Right_Mid
1545,0,Start
1546,24,Right_End
1547,11,Left_Mid
1548,8,Right_Mid
1549,21,Left_End
1550,18,Left_End
1551,11,Left_Mid
1552,23,Left_End
1553,1,Start
1554,18,Right_End
1555,8,Right_Mid
1556,19,Left_End
1557,7,Right_Mid
1558,20,Right_End
1559,21,Right_End
1560,14,Right_Mid
1561,17,Left_End
1562,14,Left_Mid
1563,23,Right_End
1564,6,Right_Mid
1565,11,Right_Mid
1566,21,Right_End
1567,10,Left_Mid
1568,15,Left_End
1569,5,Right_Mid
1570,17,Left_End
1571,13,Right_Mid
1572,7,Left_Mid
1573,9,Right_Mid
1574,5,Left_Mid
1575,20,Left_End
1576,9,Left_Mid
1577,8,Right_Mid
1578,16,Right_End
1579,5,Left_Mid
1580,10,Left_Mid
1581,22,Right_End
1582,20,Right_End
1583,19,Left_End
1584,1,Start
1585,0,Start
1586,24,Right_End
1587,17,Left_End
1588,3,Start
1589,6,Left_Mid
1590,14,Left_Mid
1591,17,Left_End
1592,9,Left_Mid
1593,19,Right_End
1594,24,Left_End
1595,5,Right_Mid
1596,20,Left_End
1597,4,Start
1598,22,Left_End
1599,3,Start
1600,15,Left_End
1601,20,Right_End
1602,10,Left_Mid
1603,14,Left_Mid
1604,21,Right_End
1605,8,Right_Mid
1606,11,Left_Mid
1607,7,Right_Mid
1608,6,Right_Mid
1609,7,Left_Mid
1610,17,Right_End
1611,15,Left_End
1612,6,Right_Mid
1613,23,Right_End
1614,8,Left_Mid
1615,11,Right_Mid
1616,15,Right_End
1617,19,Right_End
1618,18,Right_End
1619,5,Right_Mid
1620,18,Left_End
1621,17,Right_End
1622,10,Left_Mid
1623,11,Right_Mid
1624,10,Left_Mid
1625,2,Start
1626,6,Right_Mid
1627,20,Right_End
1628,14,Left_Mid
1629,18,Left_End
1630,10,Right_Mid
1631,18,Right_End
1632,6,Left_Mid
1633,14,Left_Mid
1634,10,Left_Mid
1635,18,Right_End
1636,24,Left_End
1637,16,Left_End
1638,12,Left_Mid
1639,10,Left_Mid
1640,5,Right_Mid
1641,10,Right_Mid
1642,1,Start
1643,17,Left_End
1644,15,Right_End
1645,12,Left_Mid
1646,15,Right_End
1647,16,Left_End
1648,22,Right_End
1649,7,Left_Mid
1650,11,Right_Mid
1651,3,Start
1652,10,Right_Mid
1653,9,Left_Mid
1654,1,Start
1655,4,Start
1656,18,Left_End
1657,1,Start
1658,13,Right_Mid
1659,18,Right_End
1660,24,Right_End
1661,15,Right_End
1662,2,Start
1663,9,Right_Mid
1664,21,Right_End
1665,7,Right_Mid
1666,23,Right_End
1667,7,Right_Mid
1668,12,Left_Mid
1669,4,Start
1670,5,Left_Mid
1671,22,Left_End
1672,11,Right_Mid
1673,9,Left_Mid
1674,10,Right_Mid
1675,19,Left_End
1676,11,Right_Mid
1677,13,Right_Mid
1678,18,Left_End
1679,13,Right_Mid
1680,11,Right_Mid
1681,1,Start
1682,19,Right_End
1683,20,Left_End
1684,6,Left_Mid
1685,15,Right_End
1686,6,Right_Mid
1687,19,Right_End
1688,5,Left_Mid
1689,8,Right_Mid
1690,17,Left_End
1691,1,Start
1692,11,Left_Mid
1693,8,Left_Mid
1694,20,Right_End
1695,16,Left_End
1696,5,Right_Mid
1697,8,Right_Mid
1698,12,Left_Mid
1699,12,Left_Mid
1700,11,Left_Mid
1701,24,Right_End
1702,0,Start
1703,22,Left_End
1704,15,Left_End
1705,8,Left_Mid
1706,21,Left_End
1707,24,Left_End
1708,12,Right_Mid
1709,0,Start
1710,10,Left_Mid
1711,4,Start
1712,16,Left_End
1713,12,Right_Mid
1714,5,Left_Mid
1715,18,Right_End
1716,2,Start
1717,17,Left_End
1718,24,Left_End
1719,6,Right_Mid
1720,9,Right_Mid
1721,21,Left_End
1722,18,Left_End
1723,13,Right_Mid
1724,23,Right_End
1725,9,Right_Mid
1726,24,Left_End
1727,7,Left_Mid
1728,18,Left_End
1729,11,Left_Mid
1730,3,Start
1731,24,Right_End
1732,24,Right_End
1733,13,Left_Mid
1734,23,Right_End
1735,12,Left_Mid
1736,13,Left_Mid
1737,6,Left_Mid
1738,9,Right_Mid
1739,23,Left_End
1740,9,Right_Mid
1741,16,Right_End
1742,13,Right_Mid
1743,9,Right_Mid
1744,16,Left_End
1745,6,Right_Mid
1746,7,Left_Mid
1747,10,Left_Mid
1748,21,Left_End
1749,8,Right_Mid
1750,16,Left_End
1751,24,Left_End
1752,0,Start
1753,12,Right_Mid
1754,7,Left_Mid
1755,6,Right_Mid
1756,9,Right_Mid
1757,9,Left_Mid
1758,16,Right_End
1759,20,Left_End
1760,21,Right_End
1761,5,Right_Mid
1762,21,Left_End
1763,7,Right_Mid
1764,10,Right_Mid
1765,18,Right_End
1766,5,Left_Mid
1767,11,Left_Mid
1768,19,Right_End
1769,17,Left_End
1770,19,Right_End
1771,18,Left_End
1772,2,Start
1773,16,Left_End
1774,23,Right_End
1775,12,Right_Mid
1776,18,Right_End
1777,6,Right_Mid
1778,13,Left_Mid
1779,8,Right_Mid
1780,14,Left_Mid
1781,0,Start
1782,19,Right_End
1783,22,Right_End
1784,6,Left_Mid
1785,16,Left_End
1786,9,Right_Mid
1787,16,Right_End
1788,2,Start
1789,17,Right_End
1790,6,Right_Mid
1791,18,Left_End
1792,21,Left_End
1793,20,Right_End
1794,12,Right_Mid
1795,7,Left_Mid
1796,20,Right_End
1797,12,Left_Mid
1798,18,Right_End
1799,12,Right_Mid
1800,12,Left_Mid
1801,10,Left_Mid
1802,19,Left_End
1803,5,Left_Mid
1804,8,Right_Mid
1805,3,Start
1806,22,Left_End
1807,18,Right_End
1808,12,Left_Mid
1809,21,Right_End
1810,14,Right_Mid
1811,7,Left_Mid
1812,16,Right_End
1813,24,Right_End
1814,23,Right_End
1815,11,Left_Mid
1816,7,Left_Mid
1817,16,Right_End
1818,8,Left_Mid
1819,22,Left_End
1820,19,Left_End
1821,7,Right_Mid
1822,1,Start
1823,18,Left_End
1824,19,Left_End
1825,10,Right_Mid
1826,3,Start
1827,1,Start
1828,15,Left_End
1829,6,Left_Mid
1830,7,Left_Mid
1831,15,Right_End
1832,15,Right_End
1833,21,Right_End
1834,2,Start
1835,21,Right_End
1836,8,Right_Mid
1837,13,Left_Mid
1838,5,Right_Mid
1839,24,Left_End
1840,12,Left_Mid
1841,12,Right_Mid
1842,4,Start
1843,21,Left_End
1844,6,Right_Mid
1845,16,Right_End
1846,1,Start
1847,14,Right_Mid
1848,14,Left_Mid
1849,20,Right_End
1850,22,Left_End
1851,14,Right_Mid
1852,11,Left_Mid
1853,5,Right_Mid
1854,11,Right_Mid
1855,10,Right_Mid
1856,13,Right_Mid
1857,13,Left_Mid
1858,22,Right_End
1859,15,Right_End
1860,24,Left_End
1861,21,Left_End
1862,4,Start
1863,4,Start
1864,6,Right_Mid
1865,14,Right_Mid
1866,13,Left_Mid
1867,8,Right_Mid
1868,12,Left_Mid
1869,19,Left_End
1870,8,Left_Mid
1871,24,Left_End
1872,18,Left_End
1873,5,Right_Mid
1874,4,Start
1875,17,Right_End
1876,6,Left_Mid
1877,6,Left_Mid
1878,15,Right_End
1879,14,Left_Mid
1880,17,Right_End
1881,9,Right_Mid
1882,16,Left_End
1883,23,Left_End
1884,7,Right_Mid
1885,10,Right_Mid
1886,8,Left_Mid
1887,10,Right_Mid
1888,16,Left_End
1889,12,Right_Mid
1890,7,Right_Mid
1891,4,Start
1892,21,Left_End
1893,7,Right_Mid
1894,9,Left_Mid
1895,3,Start
1896,11,Left_Mid
1897,23,Right_End
1898,0,Start
1899,8,Left_Mid
1900,20,Right_End
1901,24,Right_End
1902,4,Start
1903,6,Right_Mid
1904,1,Start
1905,23,Right_End
1906,11,Right_Mid
1907,18,Left_End
1908,17,Right_End
1909,11,Right_Mid
1910,5,Left_Mid
1911,5,Right_Mid
1912,22,Right_End
1913,2,Start
1914,1,Start
1915,7,Left_Mid
1916,24,Right_End
1917,21,Right_End
1918,7,Right_Mid
1919,18,Right_End
1920,13,Left_Mid
1921,18,Left_End
1922,1,Start
1923,11,Left_Mid
1924,18,Right_End
1925,8,Left_Mid
1926,9,Left_Mid
1927,24,Right_End
1928,7,Left_Mid
1929,18,Left_End
1930,15,Left_End
1931,18,Left_End
1932,16,Right_End
1933,20,Left_End
1934,20,Right_End
1935,9,Left_Mid
1936,24,Left_End
1937,8,Right_Mid
1938,24,Left_End
1939,22,Left_End
1940,22,Right_End
1941,9,Right_Mid
1942,23,Right_End
1943,22,Left_End
1944,14,Right_Mid
1945,20,Right_End
1946,5,Right_Mid
1947,10,Left_Mid
1948,18,Right_End
1949,21,Right_End
1950,6,Left_Mid
1951,18,Right_End
1952,7,Right_Mid
1953,22,Left_End
1954,15,Right_End
1955,12,Right_Mid
1956,8,Left_Mid
1957,16,Left_End
1958,10,Left_Mid
1959,6,Right_Mid
1960,10,Left_Mid
1961,1,Start
1962,1,Start
1963,9,Right_Mid
1964,11,Left_Mid
1965,7,Left_Mid
1966,21,Right_End
1967,7,Right_Mid
1968,12,Left_Mid
1969,19,Left_End
1970,15,Right_End
1971,0,Start
1972,3,Start
1973,19,Left_End
1974,8,Left_Mid
1975,17,Right_End
1976,15,Left_End
1977,13,Right_Mid
1978,16,Right_End
1979,12,Left_Mid
1980,21,Right_End
1981,1,Start
1982,7,Left_Mid
1983,17,Right_End
1984,15,Right_End
1985,21,Left_End
1986,18,Left_End
1987,8,Left_Mid
1988,2,Start
1989,12,Right_Mid
1990,15,Right_End
1991,7,Right_Mid
1992,12,Right_Mid
1993,19,Left_End
1994,8,Left_Mid
1995,19,Right_End
1996,20,Right_End
1997,13,Left_Mid
1998,23,Right_End
1999,14,Left_Mid
